0,1,2,3,4,5,6,7,8,9,10,11,12,13,14,15,16,titok,info,ID
T,2,8,3,5,1,8,13,0,6,6,10,8,0,8,0,8,anomalia,detected_anomaly,0
I,5,12,3,7,2,10,5,5,4,13,3,9,2,8,4,10,anomalia,detected_anomaly,1
D,4,11,6,8,6,10,6,2,6,10,3,7,3,7,3,9,anomalia,detected_anomaly,2
N,7,11,6,6,3,5,9,4,6,4,4,10,6,10,2,8,anomalia,detected_anomaly,3
G,2,1,3,1,1,8,6,6,6,6,5,9,1,7,5,10,anomalia,detected_anomaly,4
S,4,11,5,8,3,8,8,6,9,5,6,6,0,8,9,7,anomalia,detected_anomaly,5
B,4,2,5,4,4,8,7,6,6,7,6,6,2,8,7,10,anomalia,detected_anomaly,6
A,1,1,3,2,1,8,2,2,2,8,2,8,1,6,2,7,anomalia,detected_anomaly,7
J,2,2,4,4,2,10,6,2,6,12,4,8,1,6,1,7,anomalia,detected_anomaly,8
M,11,15,13,9,7,13,2,6,2,12,1,9,8,1,1,8,anomalia,detected_anomaly,9
O,6,13,4,7,4,6,7,6,3,10,7,9,5,9,5,8,anomalia,detected_anomaly,10
G,4,9,6,7,6,7,8,6,2,6,5,11,4,8,7,8,anomalia,detected_anomaly,11
M,6,9,8,6,9,7,8,6,5,7,5,8,8,9,8,6,anomalia,detected_anomaly,12
R,5,9,5,7,6,6,11,7,3,7,3,9,2,7,5,11,anomalia,detected_anomaly,13
F,6,9,5,4,3,10,6,3,5,10,5,7,3,9,6,9,anomalia,detected_anomaly,14
X,3,9,5,7,4,8,7,3,8,5,6,8,2,8,6,7,ok,no_info,15
X,8,12,8,6,4,3,10,4,7,12,11,9,3,7,3,4,ok,no_info,16
X,5,11,8,8,4,8,8,1,8,10,5,7,3,8,4,8,ok,no_info,17
X,4,6,7,4,3,9,7,2,8,11,3,7,3,8,4,9,ok,no_info,18
X,4,10,5,7,5,8,7,3,8,5,6,6,3,8,6,8,ok,no_info,19
X,4,9,5,6,5,7,6,3,5,6,6,9,2,8,8,8,ok,no_info,20
X,3,7,5,5,2,10,5,2,8,10,1,7,3,7,3,10,ok,no_info,21
X,4,8,5,6,3,5,8,1,8,10,9,9,2,9,3,6,ok,no_info,22
X,6,10,9,8,6,7,7,0,8,9,6,8,3,8,4,7,ok,no_info,23
X,3,4,6,3,2,7,7,1,9,10,6,8,2,8,3,7,ok,no_info,24
X,5,10,8,8,4,8,7,4,10,6,6,8,4,6,8,9,ok,no_info,25
X,3,6,4,4,1,7,7,4,4,7,6,8,3,8,4,8,ok,no_info,26
X,4,9,6,7,6,9,7,3,6,7,4,5,6,6,9,8,ok,no_info,27
X,5,11,8,8,4,5,8,2,8,10,11,9,3,9,4,6,ok,no_info,28
X,4,4,5,5,1,7,7,4,4,7,6,8,3,8,4,8,ok,no_info,29
X,8,11,11,9,7,6,8,1,8,10,8,9,3,8,4,6,ok,no_info,30
X,4,9,6,7,5,8,5,3,5,6,7,8,3,9,9,9,ok,no_info,31
X,1,0,2,0,0,7,7,4,4,7,6,8,2,8,3,8,ok,no_info,32
X,3,2,4,3,2,7,7,3,9,6,6,8,2,8,6,8,ok,no_info,33
X,4,9,6,7,5,8,7,3,5,6,7,6,4,11,10,8,ok,no_info,34
X,3,8,4,5,1,7,7,4,4,7,6,8,3,8,4,8,ok,no_info,35
X,3,4,5,3,2,7,7,1,8,10,6,8,2,8,3,7,ok,no_info,36
X,3,2,4,4,2,7,7,3,9,6,6,8,2,8,6,8,ok,no_info,37
X,5,8,6,7,7,6,8,2,5,7,6,9,4,7,8,7,ok,no_info,38
X,3,5,6,4,3,9,7,1,9,10,4,7,2,8,3,8,ok,no_info,39
X,7,10,7,6,4,9,6,2,7,11,4,7,4,9,4,9,ok,no_info,40
X,3,7,5,5,2,9,7,1,8,10,4,7,3,8,3,8,ok,no_info,41
X,4,6,6,4,2,7,7,2,8,11,6,8,3,8,3,7,ok,no_info,42
X,9,13,9,7,5,4,9,3,8,12,10,9,4,9,4,5,ok,no_info,43
X,3,6,5,4,3,8,7,4,9,6,6,8,3,8,6,8,ok,no_info,44
X,5,11,6,8,2,7,7,5,4,7,6,8,3,8,4,8,ok,no_info,45
X,5,11,6,8,2,7,7,5,4,7,6,8,3,8,4,8,ok,no_info,46
X,8,15,8,9,4,8,8,2,8,9,7,8,4,12,4,7,ok,no_info,47
X,3,5,4,4,4,5,8,2,4,8,7,9,2,7,7,8,ok,no_info,48
X,5,8,6,7,6,7,7,2,5,7,6,8,3,10,8,7,ok,no_info,49
X,3,2,4,3,2,8,7,3,9,6,6,8,2,8,6,8,ok,no_info,50
X,11,14,10,8,4,8,7,2,10,9,6,8,4,8,4,8,ok,no_info,51
X,6,8,9,6,4,6,8,2,9,10,9,8,3,8,4,7,ok,no_info,52
X,5,8,8,6,5,10,6,1,8,10,2,7,4,9,4,10,ok,no_info,53
X,10,12,9,7,4,8,7,2,9,9,6,8,4,11,4,8,ok,no_info,54
X,1,0,1,0,0,8,7,3,5,7,6,8,2,8,3,7,ok,no_info,55
X,6,10,9,7,5,7,7,0,8,10,6,8,3,8,3,8,ok,no_info,56
X,4,9,6,7,6,7,8,2,6,7,7,9,4,10,6,7,ok,no_info,57
X,1,0,1,0,0,8,7,3,4,7,6,8,2,8,4,8,ok,no_info,58
X,4,2,6,4,3,7,7,3,10,6,6,8,2,8,6,8,ok,no_info,59
X,3,8,4,5,1,7,7,4,4,7,6,8,3,8,4,8,ok,no_info,60
X,4,8,7,6,4,4,8,2,8,10,12,10,3,8,4,5,ok,no_info,61
X,1,1,2,2,1,7,7,3,8,6,6,8,2,8,5,8,ok,no_info,62
X,3,7,5,5,4,7,7,3,8,5,6,8,2,8,6,8,ok,no_info,63
X,7,10,7,5,4,6,9,3,7,11,10,8,4,14,4,6,ok,no_info,64
X,7,15,8,8,5,10,5,3,8,11,2,8,4,5,4,9,ok,no_info,65
X,4,4,6,3,3,7,6,1,9,11,7,9,3,7,3,7,ok,no_info,66
X,5,9,6,6,1,7,7,5,4,7,6,8,3,8,4,8,ok,no_info,67
X,5,10,6,7,2,7,7,5,4,7,6,8,3,8,4,8,ok,no_info,68
X,7,15,8,8,5,11,7,2,8,11,4,6,3,11,4,9,ok,no_info,69
X,4,9,7,6,4,7,7,0,8,9,6,8,2,8,3,7,ok,no_info,70
X,2,5,4,3,2,7,7,3,9,6,6,8,2,8,6,8,ok,no_info,71
X,1,0,1,0,0,7,7,3,4,7,6,8,2,8,3,8,ok,no_info,72
X,4,11,6,8,6,6,7,2,7,7,7,10,6,5,8,7,ok,no_info,73
X,2,1,3,2,2,8,7,3,8,6,6,8,2,8,5,8,ok,no_info,74
X,3,6,4,4,2,7,7,4,4,7,6,8,2,8,4,8,ok,no_info,75
X,7,15,8,8,5,6,8,2,8,11,7,8,4,9,4,6,ok,no_info,76
X,2,3,3,2,1,7,7,1,8,10,6,8,2,8,2,7,ok,no_info,77
X,4,8,5,6,1,7,7,4,4,7,6,8,3,8,4,8,ok,no_info,78
X,8,11,7,6,3,7,7,2,9,9,7,9,4,11,4,7,ok,no_info,79
X,3,9,4,6,1,7,7,4,4,7,6,8,3,8,4,8,ok,no_info,80
X,3,7,5,5,3,8,7,4,9,6,6,8,3,8,7,9,ok,no_info,81
X,4,4,5,6,1,7,7,5,4,7,6,8,3,8,4,8,ok,no_info,82
X,2,3,3,2,2,8,7,3,8,6,6,6,2,8,6,8,ok,no_info,83
X,4,8,6,6,4,7,7,3,9,5,6,8,3,8,7,8,ok,no_info,84
X,6,10,9,8,4,5,8,2,9,11,12,10,4,7,4,5,ok,no_info,85
X,2,3,3,2,2,7,7,3,9,6,6,8,2,8,5,8,ok,no_info,86
X,7,10,10,8,6,9,6,1,8,10,3,7,3,8,3,9,ok,no_info,87
X,9,11,8,6,3,7,7,2,9,9,6,8,4,9,4,8,ok,no_info,88
X,3,3,4,4,1,7,7,4,4,7,6,8,3,8,4,8,ok,no_info,89
X,3,5,6,3,3,7,7,1,8,10,6,8,2,8,3,8,ok,no_info,90
X,4,6,5,5,5,8,8,2,4,7,6,8,3,8,7,7,ok,no_info,91
X,3,6,4,4,3,8,7,3,8,6,6,8,2,8,6,8,ok,no_info,92
X,4,10,6,7,6,7,7,2,6,7,6,7,4,7,6,7,ok,no_info,93
X,4,9,6,7,4,8,7,4,9,6,6,6,3,8,7,7,ok,no_info,94
X,3,7,5,5,2,9,7,1,8,10,4,7,3,8,3,8,ok,no_info,95
X,3,5,5,4,3,7,7,3,9,6,6,8,3,8,6,8,ok,no_info,96
X,3,7,4,5,2,7,7,4,4,7,6,7,2,8,4,8,ok,no_info,97
X,6,10,9,8,5,7,8,1,8,10,6,8,3,8,4,8,ok,no_info,98
X,3,9,5,7,4,8,7,3,8,5,6,8,3,8,6,8,ok,no_info,99
X,3,5,5,3,2,8,7,3,9,6,6,9,3,7,7,9,ok,no_info,100
X,3,6,4,4,3,7,8,3,8,6,6,8,2,8,6,8,ok,no_info,101
X,3,11,4,8,4,7,7,4,4,7,6,8,3,8,4,8,ok,no_info,102
X,3,7,4,4,1,7,7,4,4,7,6,8,3,8,4,8,ok,no_info,103
X,3,6,5,5,5,9,6,2,6,8,6,7,3,10,8,6,ok,no_info,104
X,3,5,6,3,2,5,8,2,9,11,10,9,2,9,3,6,ok,no_info,105
X,5,9,8,6,4,10,6,2,8,10,2,7,3,8,3,9,ok,no_info,106
X,5,11,9,9,7,6,8,2,6,7,6,9,6,5,8,7,ok,no_info,107
X,1,0,1,0,0,8,7,3,4,7,6,8,2,8,4,8,ok,no_info,108
X,2,1,3,3,2,7,7,3,8,6,6,8,2,8,6,8,ok,no_info,109
X,3,8,5,6,3,8,7,4,8,6,6,8,3,8,6,8,ok,no_info,110
X,5,5,6,8,2,7,7,5,4,7,6,8,3,8,4,8,ok,no_info,111
X,5,9,8,6,4,5,8,2,8,11,11,9,3,9,4,6,ok,no_info,112
X,3,5,6,4,3,6,7,1,9,11,9,9,3,8,3,7,ok,no_info,113
X,6,11,8,9,7,8,6,3,5,6,7,8,3,9,9,9,ok,no_info,114
X,3,9,4,6,1,7,7,4,4,7,6,8,3,8,4,8,ok,no_info,115
X,3,4,4,3,2,7,7,3,9,6,6,10,2,8,6,7,ok,no_info,116
X,1,0,1,0,0,7,7,3,4,7,6,8,2,8,3,8,ok,no_info,117
X,6,13,7,7,4,9,7,2,7,11,4,6,4,10,4,8,ok,no_info,118
X,3,9,5,6,4,7,7,3,8,5,6,8,2,8,6,8,ok,no_info,119
X,4,8,5,6,3,8,7,4,4,7,6,8,3,8,4,8,ok,no_info,120
X,6,11,7,6,4,7,8,2,7,11,7,7,4,10,4,6,ok,no_info,121
X,4,7,7,5,3,10,6,1,8,10,3,7,2,8,3,9,ok,no_info,122
X,4,5,5,7,2,7,7,5,4,7,6,8,3,8,4,8,ok,no_info,123
X,5,11,8,8,7,7,7,3,8,5,7,10,3,8,6,8,ok,no_info,124
X,5,8,8,6,4,6,8,1,8,10,9,9,2,9,3,7,ok,no_info,125
X,7,13,6,7,3,8,7,2,8,9,6,8,4,8,4,8,ok,no_info,126
X,4,9,6,7,6,9,7,2,6,7,5,6,3,8,6,8,ok,no_info,127
X,3,8,5,6,4,7,7,3,8,6,6,8,3,8,6,7,ok,no_info,128
X,5,9,8,6,4,6,8,1,8,10,9,9,2,9,3,7,ok,no_info,129
X,3,6,5,4,3,7,7,3,8,6,6,9,3,8,6,8,ok,no_info,130
X,2,2,3,3,2,8,7,3,8,6,6,7,2,8,5,7,ok,no_info,131
X,3,7,5,5,2,6,9,1,8,10,8,8,2,8,3,7,ok,no_info,132
X,2,7,4,5,2,7,7,4,8,6,6,8,3,8,6,8,ok,no_info,133
X,3,5,4,3,2,7,7,3,9,6,6,7,3,8,6,7,ok,no_info,134
X,4,6,6,4,3,8,7,2,8,10,5,8,3,8,4,8,ok,no_info,135
X,3,8,4,5,1,7,7,4,4,7,6,8,3,8,4,8,ok,no_info,136
X,3,7,4,5,2,7,7,4,4,7,6,8,2,8,4,8,ok,no_info,137
X,4,9,5,6,1,7,7,4,4,7,6,8,3,8,4,8,ok,no_info,138
X,3,6,5,4,4,7,7,3,5,6,6,9,2,8,8,8,ok,no_info,139
X,3,7,4,5,3,8,7,2,5,6,6,7,2,8,8,9,ok,no_info,140
X,3,7,4,5,4,6,6,3,5,6,6,10,2,8,8,7,ok,no_info,141
X,5,11,7,8,5,4,8,1,8,9,10,10,2,9,3,5,ok,no_info,142
X,3,6,4,4,1,7,7,4,4,7,6,8,3,8,4,8,ok,no_info,143
X,4,9,5,6,1,7,7,5,4,7,6,8,3,8,4,8,ok,no_info,144
X,6,10,7,5,3,5,9,2,8,11,8,8,4,9,3,6,ok,no_info,145
X,4,5,5,7,2,7,7,5,4,7,6,8,3,8,4,8,ok,no_info,146
X,3,5,4,5,4,6,7,2,5,8,7,10,2,10,7,8,ok,no_info,147
X,4,8,6,6,4,8,8,3,9,5,5,6,3,9,7,8,ok,no_info,148
X,2,1,2,1,0,8,7,4,4,7,6,8,3,8,4,8,ok,no_info,149
X,7,13,8,7,5,8,7,2,8,11,4,7,4,9,4,7,ok,no_info,150
X,3,5,6,3,2,9,6,1,8,11,4,8,2,8,3,9,ok,no_info,151
X,6,9,6,4,3,8,7,2,8,9,6,8,4,9,4,8,ok,no_info,152
X,2,4,3,3,2,8,7,3,8,6,6,6,2,8,5,8,ok,no_info,153
X,3,4,4,3,2,8,7,3,9,6,6,6,2,8,6,8,ok,no_info,154
X,7,10,10,7,5,5,9,2,9,11,12,9,3,9,4,5,ok,no_info,155
X,6,11,9,8,5,10,7,1,8,10,2,7,3,8,4,9,ok,no_info,156
X,6,9,9,6,4,5,8,2,8,11,11,9,3,9,4,5,ok,no_info,157
X,4,5,5,7,2,7,7,5,4,7,6,8,3,8,4,8,ok,no_info,158
X,2,1,3,1,1,8,7,4,8,6,6,7,2,8,5,8,ok,no_info,159
X,3,4,5,3,2,9,7,2,8,10,3,7,2,8,3,9,ok,no_info,160
X,4,6,6,4,3,10,7,1,8,10,2,6,3,8,3,9,ok,no_info,161
X,3,6,4,4,1,7,7,4,4,7,6,8,3,8,4,8,ok,no_info,162
X,4,7,6,5,3,5,8,1,8,10,9,9,2,9,3,6,ok,no_info,163
X,3,5,5,3,3,8,7,3,10,6,6,8,4,7,7,9,ok,no_info,164
X,3,9,4,6,1,7,7,4,4,7,6,8,3,8,4,8,ok,no_info,165
X,4,6,6,4,3,10,7,1,8,10,2,6,3,8,3,10,ok,no_info,166
X,3,10,6,7,6,8,7,2,6,7,6,8,3,8,6,8,ok,no_info,167
X,4,9,7,6,4,7,7,4,10,6,6,8,3,8,7,8,ok,no_info,168
X,1,0,2,1,0,7,7,4,5,7,6,8,2,8,4,8,ok,no_info,169
X,9,15,10,9,6,8,8,2,7,11,6,6,5,12,4,8,ok,no_info,170
X,3,8,5,6,3,7,7,4,9,6,6,8,3,8,6,8,ok,no_info,171
X,4,4,6,3,3,5,8,2,9,11,10,9,3,7,3,6,ok,no_info,172
X,6,9,9,7,5,4,8,2,8,10,12,11,3,8,3,5,ok,no_info,173
X,2,0,2,1,0,7,7,6,2,7,6,8,3,8,3,8,ok,no_info,174
X,1,1,2,1,1,7,7,3,7,6,6,8,2,8,5,8,ok,no_info,175
X,2,3,4,1,2,7,7,4,9,7,6,8,2,8,6,7,ok,no_info,176
X,3,6,5,4,4,8,6,2,5,6,6,7,2,9,8,9,ok,no_info,177
X,3,8,5,6,4,8,7,3,8,5,6,8,2,8,6,8,ok,no_info,178
X,5,8,7,6,3,8,7,2,8,10,4,7,3,8,4,8,ok,no_info,179
X,5,10,7,8,5,8,7,3,9,5,6,9,5,7,9,8,ok,no_info,180
X,2,1,4,2,2,7,7,3,9,6,6,8,2,8,5,8,ok,no_info,181
X,3,4,6,3,3,6,9,1,8,10,9,8,2,8,3,6,ok,no_info,182
X,4,6,5,4,3,7,8,1,8,10,7,8,3,8,3,7,ok,no_info,183
X,5,11,7,8,7,8,7,3,5,6,7,6,4,10,11,9,ok,no_info,184
X,6,9,8,8,8,8,7,2,5,7,6,7,4,9,8,8,ok,no_info,185
X,4,6,6,4,3,7,7,1,8,10,7,9,3,8,3,7,ok,no_info,186
X,3,9,4,6,1,7,7,4,4,7,6,8,3,8,4,8,ok,no_info,187
X,5,9,8,7,7,6,7,3,6,8,8,11,6,6,8,6,ok,no_info,188
X,3,7,5,5,3,5,8,1,7,10,10,9,2,9,3,6,ok,no_info,189
X,2,2,4,3,2,8,7,3,9,6,6,8,3,8,6,8,ok,no_info,190
X,2,1,3,3,2,7,8,3,8,6,6,7,2,8,6,7,ok,no_info,191
X,4,8,7,6,6,8,7,2,6,7,6,7,5,7,7,8,ok,no_info,192
X,5,9,7,8,8,8,7,2,4,8,6,8,4,10,8,6,ok,no_info,193
X,5,8,7,7,7,9,8,3,5,8,5,6,3,6,8,8,ok,no_info,194
X,4,9,6,7,3,6,8,1,8,10,9,8,3,8,4,7,ok,no_info,195
X,5,9,8,7,4,5,8,2,8,11,11,9,3,9,4,6,ok,no_info,196
X,3,7,4,5,2,7,7,4,4,7,6,8,2,8,4,8,ok,no_info,197
X,10,12,9,6,4,10,6,3,8,10,4,7,4,12,4,9,ok,no_info,198
X,3,1,4,2,2,7,7,3,9,6,6,8,3,8,6,8,ok,no_info,199
X,2,3,3,2,2,7,8,3,8,6,6,7,2,8,5,7,ok,no_info,200
X,3,4,5,3,2,9,6,1,8,10,4,7,2,8,3,8,ok,no_info,201
X,4,7,6,5,3,6,8,1,8,10,8,9,3,8,3,7,ok,no_info,202
X,4,8,7,6,3,7,7,1,8,10,7,9,3,8,3,7,ok,no_info,203
X,4,6,5,5,5,7,9,2,6,8,6,8,3,6,6,7,ok,no_info,204
X,9,13,10,7,5,7,7,2,9,11,5,8,4,7,4,7,ok,no_info,205
X,3,4,4,6,1,7,7,4,4,7,6,8,3,8,4,8,ok,no_info,206
X,5,5,6,7,2,7,7,5,4,7,6,8,3,8,4,8,ok,no_info,207
X,4,11,6,8,4,7,7,4,9,6,6,8,3,8,7,7,ok,no_info,208
X,5,10,6,8,4,7,7,4,4,7,6,7,3,8,4,8,ok,no_info,209
X,5,11,6,8,2,7,7,5,4,7,6,8,3,8,4,8,ok,no_info,210
X,4,8,6,6,4,8,7,1,8,10,4,7,3,8,3,8,ok,no_info,211
X,3,3,4,4,1,7,7,4,4,7,6,8,3,8,4,8,ok,no_info,212
X,3,9,5,6,4,7,7,3,8,5,6,8,2,8,6,7,ok,no_info,213
X,2,3,4,2,2,8,7,1,7,10,5,8,2,8,2,8,ok,no_info,214
X,8,12,9,6,5,8,7,2,7,11,4,7,5,10,4,8,ok,no_info,215
X,6,9,8,8,9,6,8,2,5,7,7,10,4,5,8,7,ok,no_info,216
X,2,1,3,2,2,7,7,3,9,6,6,8,2,8,5,8,ok,no_info,217
X,5,10,6,7,2,7,7,5,4,7,6,8,3,8,4,8,ok,no_info,218
X,4,5,6,3,3,7,7,1,9,10,6,8,2,8,3,7,ok,no_info,219
X,4,7,7,5,3,5,9,2,8,10,10,8,3,8,4,6,ok,no_info,220
X,3,6,4,4,1,7,7,4,4,7,6,8,3,8,4,8,ok,no_info,221
X,3,2,5,4,3,8,7,3,9,6,6,8,3,8,6,8,ok,no_info,222
X,4,8,6,6,3,5,8,2,8,10,10,9,3,8,3,6,ok,no_info,223
X,5,9,7,7,4,6,8,1,8,10,8,9,3,8,3,6,ok,no_info,224
X,2,3,3,4,1,7,7,4,4,7,6,8,3,8,4,8,ok,no_info,225
X,7,11,10,8,5,10,7,2,9,11,1,6,4,9,4,10,ok,no_info,226
X,3,4,6,3,2,9,6,2,8,10,3,7,2,7,3,9,ok,no_info,227
X,8,13,8,7,5,7,6,2,8,11,4,8,4,5,4,7,ok,no_info,228
X,11,15,10,8,5,11,6,3,9,10,4,7,4,11,4,11,ok,no_info,229
X,4,4,5,6,1,7,7,4,4,7,6,8,3,8,4,8,ok,no_info,230
X,5,9,8,7,5,4,8,1,8,10,11,10,3,9,3,5,ok,no_info,231
X,1,0,1,0,0,8,7,3,5,7,6,8,2,8,3,7,ok,no_info,232
X,6,11,9,8,6,5,8,1,8,10,10,10,3,8,4,6,ok,no_info,233
X,5,9,6,8,7,9,8,2,5,8,5,6,4,7,9,8,ok,no_info,234
X,5,9,8,7,4,7,8,1,8,10,7,8,3,8,4,7,ok,no_info,235
X,2,5,3,3,2,7,7,3,9,6,6,8,2,8,6,8,ok,no_info,236
X,4,8,6,6,4,8,7,3,8,5,6,6,3,8,6,7,ok,no_info,237
X,3,6,5,4,3,6,8,1,8,10,8,9,2,8,3,6,ok,no_info,238
X,3,3,4,4,1,7,7,4,4,7,6,8,3,8,4,8,ok,no_info,239
X,3,5,5,4,2,10,7,1,8,11,3,7,2,8,3,9,ok,no_info,240
X,2,0,2,1,0,7,7,6,2,7,6,8,3,8,3,8,ok,no_info,241
X,4,7,6,5,3,7,8,1,8,10,7,8,2,8,3,7,ok,no_info,242
X,2,1,2,1,0,7,7,4,4,7,6,8,2,8,4,8,ok,no_info,243
X,6,10,9,7,5,7,8,1,9,10,6,8,3,8,4,7,ok,no_info,244
X,4,7,6,5,3,4,9,2,7,10,11,9,3,9,3,5,ok,no_info,245
X,2,5,4,4,2,7,7,3,9,6,6,8,2,8,6,8,ok,no_info,246
X,5,7,8,5,3,9,6,2,8,11,2,7,3,8,4,9,ok,no_info,247
X,3,6,4,4,2,7,7,4,4,7,6,7,3,8,4,8,ok,no_info,248
X,2,3,3,2,1,9,7,3,8,6,6,6,2,8,5,8,ok,no_info,249
X,5,11,7,8,6,7,6,3,9,5,7,10,4,7,8,8,ok,no_info,250
X,5,10,7,8,4,4,9,2,8,10,12,9,3,9,4,5,ok,no_info,251
X,4,9,6,7,5,7,7,3,8,5,6,8,3,8,6,7,ok,no_info,252
X,4,6,7,4,4,7,7,1,8,10,6,8,2,8,3,8,ok,no_info,253
X,5,10,8,8,5,7,7,4,9,6,6,10,3,8,7,8,ok,no_info,254
X,2,1,2,1,0,7,7,4,4,7,6,8,2,8,4,8,ok,no_info,255
X,5,7,7,5,3,8,8,1,8,10,4,7,3,8,3,7,ok,no_info,256
X,4,10,6,8,4,7,8,3,9,6,5,6,4,10,8,6,ok,no_info,257
X,3,5,4,3,2,7,7,3,9,6,6,8,2,8,6,8,ok,no_info,258
X,7,9,6,5,3,6,8,2,9,10,9,9,4,8,4,6,ok,no_info,259
X,6,8,9,6,4,6,8,2,9,10,9,9,3,8,4,6,ok,no_info,260
X,4,10,5,7,2,7,7,5,4,7,6,8,3,8,4,8,ok,no_info,261
X,5,9,8,6,5,7,7,0,8,10,7,8,2,8,3,7,ok,no_info,262
X,2,6,4,4,3,8,8,3,8,6,6,6,3,8,6,8,ok,no_info,263
X,4,6,5,6,5,7,8,2,5,8,6,8,3,6,7,7,ok,no_info,264
X,3,3,5,2,2,6,8,2,8,11,9,9,2,8,3,6,ok,no_info,265
X,6,10,9,8,4,8,7,1,9,10,5,8,3,8,4,8,ok,no_info,266
X,4,9,6,6,4,4,8,1,8,10,10,10,2,8,3,5,ok,no_info,267
X,3,4,4,3,2,7,7,3,9,6,6,8,3,8,6,8,ok,no_info,268
X,8,13,9,7,5,6,8,2,8,11,5,7,4,5,4,6,ok,no_info,269
X,3,5,5,3,2,10,7,1,9,11,3,7,2,7,3,9,ok,no_info,270
X,4,9,7,7,3,7,7,1,8,10,6,8,3,8,4,7,ok,no_info,271
X,6,12,6,6,4,7,8,2,7,11,7,7,4,12,3,7,ok,no_info,272
X,4,9,7,7,6,8,7,3,6,7,4,6,5,5,8,7,ok,no_info,273
X,4,9,4,6,1,7,7,4,4,7,6,8,3,8,4,8,ok,no_info,274
X,4,10,7,7,4,7,8,4,9,6,5,5,4,10,8,6,ok,no_info,275
X,3,7,5,5,4,8,7,3,6,7,4,6,4,7,6,8,ok,no_info,276
X,2,2,3,3,2,7,7,3,9,6,6,10,2,8,6,8,ok,no_info,277
X,4,11,6,8,5,7,7,3,8,5,6,8,3,8,6,7,ok,no_info,278
X,3,7,4,5,2,7,7,4,4,7,6,8,2,8,4,8,ok,no_info,279
X,2,1,3,1,1,7,7,4,9,6,6,9,2,8,5,7,ok,no_info,280
X,7,11,11,8,5,6,8,1,9,10,9,9,3,8,4,6,ok,no_info,281
X,6,10,7,6,4,10,6,3,7,12,2,6,3,8,4,10,ok,no_info,282
X,6,9,9,6,5,5,8,1,8,10,10,9,3,8,3,6,ok,no_info,283
X,5,6,6,6,6,7,6,2,5,8,7,9,3,11,7,8,ok,no_info,284
X,4,8,6,7,6,9,9,2,6,7,5,6,2,5,7,7,ok,no_info,285
X,5,8,7,6,5,7,6,3,5,6,6,9,3,8,9,9,ok,no_info,286
X,3,6,6,4,3,7,7,1,9,10,7,9,2,8,3,8,ok,no_info,287
X,3,4,4,5,1,7,7,4,4,7,6,8,3,8,4,8,ok,no_info,288
X,3,5,5,4,3,7,7,3,10,6,6,8,3,8,6,8,ok,no_info,289
X,1,0,2,0,0,7,7,3,4,7,6,8,3,8,4,8,ok,no_info,290
X,3,8,4,6,3,7,7,4,4,7,6,8,2,8,4,8,ok,no_info,291
X,3,7,4,4,1,7,7,4,4,7,6,8,3,8,4,8,ok,no_info,292
X,1,0,1,0,0,7,7,3,5,7,6,8,2,8,4,7,ok,no_info,293
X,9,13,9,7,5,8,7,2,8,11,4,7,4,9,4,7,ok,no_info,294
X,4,9,6,7,3,10,7,2,8,10,1,7,3,8,4,9,ok,no_info,295
X,1,1,2,1,0,7,7,4,4,7,6,8,2,8,4,7,ok,no_info,296
X,3,5,4,4,2,8,7,3,9,6,6,8,2,8,6,8,ok,no_info,297
X,4,7,7,5,4,9,7,1,8,10,3,7,3,8,3,9,ok,no_info,298
X,4,10,6,8,4,7,7,4,9,6,6,8,3,8,7,7,ok,no_info,299
X,1,1,2,1,1,8,7,3,8,7,6,8,2,8,5,8,ok,no_info,300
X,4,11,5,8,2,7,7,5,4,7,6,8,3,8,4,8,ok,no_info,301
X,2,3,3,4,1,7,7,4,4,7,6,8,3,8,4,8,ok,no_info,302
X,10,14,9,8,5,7,7,2,10,9,6,8,4,6,4,8,ok,no_info,303
X,4,9,6,6,4,3,9,2,8,11,12,10,3,8,4,4,ok,no_info,304
X,4,7,5,6,5,6,7,2,4,7,7,10,3,10,7,8,ok,no_info,305
X,4,9,5,6,3,7,7,4,4,7,6,7,3,8,4,8,ok,no_info,306
X,6,11,10,8,5,10,7,2,9,11,1,6,4,9,4,10,ok,no_info,307
X,6,10,9,8,4,8,8,1,9,10,4,7,3,9,4,8,ok,no_info,308
X,10,15,11,8,6,7,8,2,8,11,8,8,5,12,4,7,ok,no_info,309
X,3,8,5,6,5,9,7,2,5,7,5,6,3,9,6,8,ok,no_info,310
X,6,9,9,7,5,6,8,1,8,10,9,9,3,9,3,6,ok,no_info,311
X,2,7,3,4,1,7,7,4,4,7,6,8,3,8,4,8,ok,no_info,312
X,2,2,4,3,2,8,7,3,9,6,6,9,3,8,6,8,ok,no_info,313
X,4,7,6,5,5,6,7,2,6,7,6,9,4,5,7,9,ok,no_info,314
X,7,10,10,8,6,7,8,0,8,9,6,8,3,8,3,7,ok,no_info,315
X,4,10,7,8,4,9,7,0,8,9,5,7,2,8,3,8,ok,no_info,316
X,6,8,8,6,6,7,6,3,5,7,6,11,4,6,10,8,ok,no_info,317
X,4,9,5,6,1,7,7,5,4,7,6,8,3,8,4,8,ok,no_info,318
X,8,12,9,6,5,6,9,2,8,11,8,8,4,9,4,5,ok,no_info,319
X,4,8,6,6,4,7,8,3,9,5,6,7,4,9,7,7,ok,no_info,320
X,4,7,7,5,3,7,8,1,8,10,8,8,3,8,3,7,ok,no_info,321
X,6,10,9,8,7,8,8,3,6,7,7,8,7,13,9,9,ok,no_info,322
X,9,13,8,8,4,6,7,3,9,9,9,9,4,8,4,6,ok,no_info,323
X,1,0,1,0,0,7,7,4,4,7,6,8,2,8,3,8,ok,no_info,324
X,3,9,4,6,1,7,7,4,4,7,6,8,3,8,4,8,ok,no_info,325
X,3,7,4,5,3,7,6,3,5,6,6,9,2,9,8,8,ok,no_info,326
X,2,1,3,2,1,8,7,3,8,6,6,8,2,8,5,8,ok,no_info,327
X,3,9,5,6,4,8,8,3,8,6,6,6,3,9,6,7,ok,no_info,328
X,2,2,4,3,2,8,7,3,9,6,6,8,2,8,6,8,ok,no_info,329
X,3,7,4,5,2,7,7,4,4,7,6,8,3,8,4,8,ok,no_info,330
X,4,8,6,7,6,9,8,2,5,7,5,6,3,8,7,8,ok,no_info,331
X,4,10,5,7,2,7,7,5,4,7,6,8,3,8,4,8,ok,no_info,332
X,2,2,4,3,2,8,7,3,9,6,6,8,2,8,6,8,ok,no_info,333
X,2,3,4,2,1,6,8,1,8,10,8,9,2,8,3,7,ok,no_info,334
X,2,3,3,1,1,8,7,2,8,10,5,7,2,8,3,8,ok,no_info,335
X,6,11,9,8,4,4,9,3,9,11,12,10,3,9,4,5,ok,no_info,336
X,4,9,5,4,3,9,6,2,7,11,3,7,3,8,4,9,ok,no_info,337
X,2,2,4,4,2,7,7,3,9,6,6,8,2,8,6,8,ok,no_info,338
X,3,2,5,3,2,8,7,3,9,6,6,8,3,8,6,8,ok,no_info,339
X,7,10,8,6,4,5,9,3,7,12,9,8,4,9,3,6,ok,no_info,340
X,4,10,7,8,5,12,6,2,7,10,1,6,2,7,3,10,ok,no_info,341
X,7,10,9,8,8,8,6,3,5,6,7,7,4,10,11,8,ok,no_info,342
X,4,3,5,5,1,7,7,5,4,7,6,8,3,8,4,8,ok,no_info,343
X,5,8,7,6,3,7,8,1,8,10,6,8,3,8,4,7,ok,no_info,344
X,3,6,4,4,3,8,5,2,5,6,7,8,2,9,8,9,ok,no_info,345
X,4,6,7,4,3,5,9,3,8,11,12,9,3,9,4,5,ok,no_info,346
X,3,9,4,6,1,7,7,4,4,7,6,8,3,8,4,8,ok,no_info,347
X,2,5,4,4,2,8,7,3,9,6,6,8,2,8,6,9,ok,no_info,348
X,2,3,3,4,1,7,7,4,4,7,6,8,3,8,4,8,ok,no_info,349
X,5,8,8,6,4,6,8,1,8,10,9,9,3,8,3,7,ok,no_info,350
X,6,10,9,8,5,8,7,0,8,10,5,8,3,8,3,8,ok,no_info,351
X,3,7,5,5,4,8,6,3,5,6,7,8,2,9,8,9,ok,no_info,352
X,3,3,5,2,2,8,7,1,8,11,5,8,2,8,3,8,ok,no_info,353
X,7,13,8,7,4,7,8,2,8,11,6,8,4,8,4,7,ok,no_info,354
X,3,3,5,2,2,9,6,2,8,10,3,7,2,7,3,8,ok,no_info,355
X,5,6,6,6,6,7,8,2,5,7,6,8,3,7,7,8,ok,no_info,356
X,8,12,7,6,4,6,7,2,8,9,6,9,4,5,4,7,ok,no_info,357
X,4,9,5,6,1,7,7,5,4,7,6,8,3,8,4,8,ok,no_info,358
X,4,9,6,7,5,8,7,3,5,6,6,7,3,9,9,9,ok,no_info,359
X,4,8,5,5,1,7,7,4,4,7,6,8,3,8,4,8,ok,no_info,360
X,3,4,5,2,2,7,8,1,8,10,7,8,2,8,3,7,ok,no_info,361
X,5,7,8,5,4,7,7,1,8,10,6,8,2,8,3,8,ok,no_info,362
X,4,6,5,5,5,9,7,2,5,8,6,6,2,8,7,7,ok,no_info,363
X,2,7,3,5,3,7,7,3,7,6,7,10,2,8,6,8,ok,no_info,364
X,4,8,6,6,3,5,8,2,8,10,11,9,3,8,4,6,ok,no_info,365
X,2,3,3,2,1,7,7,3,9,6,6,8,2,8,5,7,ok,no_info,366
X,3,1,4,2,2,8,7,4,9,6,6,8,3,8,6,8,ok,no_info,367
X,4,7,5,5,3,7,7,4,9,6,6,10,3,8,6,8,ok,no_info,368
X,4,7,6,5,4,9,8,3,6,7,7,7,6,11,7,7,ok,no_info,369
X,4,9,6,6,4,8,7,0,7,9,5,7,2,8,3,8,ok,no_info,370
X,3,1,4,2,2,8,7,3,9,6,6,9,2,8,6,8,ok,no_info,371
X,3,8,4,5,1,8,7,4,4,7,6,8,3,8,4,8,ok,no_info,372
X,3,9,4,6,1,7,7,4,4,7,6,8,3,8,4,8,ok,no_info,373
X,3,5,4,4,2,7,7,3,9,6,6,8,2,8,6,8,ok,no_info,374
X,6,10,9,8,8,8,7,3,7,7,7,8,6,13,8,8,ok,no_info,375
X,3,3,5,2,2,9,7,2,8,11,4,7,2,8,3,8,ok,no_info,376
X,5,8,8,6,4,8,8,1,8,11,4,7,4,9,4,8,ok,no_info,377
X,6,10,9,8,4,5,9,2,9,10,10,9,3,8,4,6,ok,no_info,378
X,3,5,4,5,4,7,6,2,5,7,6,9,2,11,7,8,ok,no_info,379
X,5,7,6,6,6,6,7,2,5,7,7,10,3,8,7,8,ok,no_info,380
X,3,7,5,5,2,10,5,2,8,10,1,7,3,7,3,10,ok,no_info,381
X,6,10,8,8,7,7,7,3,6,6,6,8,6,7,13,10,ok,no_info,382
X,4,11,6,8,5,7,7,3,8,5,6,8,2,8,6,8,ok,no_info,383
X,3,5,5,4,4,9,8,2,6,8,5,6,2,6,7,7,ok,no_info,384
X,3,6,5,4,3,7,7,1,7,10,6,8,3,8,3,7,ok,no_info,385
X,4,5,6,4,3,7,7,1,9,10,6,8,2,8,3,7,ok,no_info,386
X,2,2,3,3,2,8,7,3,8,6,6,8,2,8,6,8,ok,no_info,387
X,4,9,7,7,3,7,7,1,9,10,6,8,3,8,4,7,ok,no_info,388
X,2,3,3,2,2,8,7,3,9,6,6,8,2,8,5,8,ok,no_info,389
X,2,1,2,1,0,7,7,4,4,7,6,8,2,8,4,8,ok,no_info,390
X,1,0,1,0,0,7,7,3,5,7,6,8,2,8,4,8,ok,no_info,391
X,1,3,2,1,1,8,7,3,8,7,6,8,2,8,5,8,ok,no_info,392
X,3,5,4,6,1,7,7,4,4,7,6,8,3,8,4,8,ok,no_info,393
X,4,4,5,6,1,7,7,5,4,7,6,8,3,8,4,8,ok,no_info,394
X,11,13,10,8,5,6,8,2,9,9,7,9,5,7,5,7,ok,no_info,395
X,3,7,4,5,2,7,7,4,4,7,6,8,2,8,4,8,ok,no_info,396
X,4,7,6,5,3,5,8,1,8,10,10,9,2,9,3,6,ok,no_info,397
X,4,11,5,8,2,7,7,4,4,7,6,8,3,8,4,8,ok,no_info,398
X,4,5,5,4,3,8,7,3,9,6,6,8,2,8,6,9,ok,no_info,399
X,5,8,8,6,4,5,8,2,8,11,10,10,3,8,3,6,ok,no_info,400
X,4,8,5,6,3,7,7,4,4,7,6,8,3,8,4,8,ok,no_info,401
X,4,8,6,6,3,9,7,1,8,10,3,7,2,8,3,8,ok,no_info,402
X,4,8,5,6,4,7,7,3,8,5,6,8,3,8,6,8,ok,no_info,403
X,7,10,10,8,6,4,9,2,8,10,11,10,3,9,3,5,ok,no_info,404
X,7,10,10,8,5,6,7,1,9,10,8,9,3,8,4,7,ok,no_info,405
X,4,9,7,7,5,8,8,3,9,5,6,5,5,9,8,8,ok,no_info,406
X,4,9,6,7,5,8,8,3,8,5,6,5,4,10,8,7,ok,no_info,407
X,4,9,7,6,4,11,6,1,8,10,1,6,2,8,3,10,ok,no_info,408
X,2,1,2,1,0,8,7,4,4,7,6,8,3,8,4,8,ok,no_info,409
X,7,9,8,8,9,8,8,2,5,7,6,7,4,7,8,8,ok,no_info,410
X,3,4,5,3,2,10,7,2,8,11,3,7,2,8,3,9,ok,no_info,411
X,8,15,8,8,5,4,9,3,8,11,11,9,4,9,3,5,ok,no_info,412
X,4,8,6,6,4,8,8,3,8,6,5,6,4,9,7,8,ok,no_info,413
X,2,6,3,4,2,7,7,4,4,7,6,7,2,8,4,8,ok,no_info,414
X,3,6,5,4,3,8,7,4,9,6,6,6,3,8,6,7,ok,no_info,415
X,5,5,6,8,2,7,7,5,4,7,6,8,3,8,4,8,ok,no_info,416
X,4,4,6,3,3,7,7,1,8,11,7,9,2,8,3,8,ok,no_info,417
X,3,4,5,3,2,9,6,1,8,10,4,8,2,8,3,9,ok,no_info,418
X,6,8,7,7,8,6,7,2,5,8,7,10,4,10,8,6,ok,no_info,419
X,4,4,6,3,3,6,7,1,8,10,8,8,2,8,3,7,ok,no_info,420
X,2,3,4,1,2,6,7,2,8,11,8,8,2,8,3,7,ok,no_info,421
X,3,6,5,4,3,7,7,1,8,10,6,8,2,8,3,7,ok,no_info,422
X,5,6,6,5,6,6,7,2,5,8,7,10,3,8,7,8,ok,no_info,423
X,7,10,8,5,4,6,8,2,8,11,6,9,4,7,4,6,ok,no_info,424
X,5,6,7,8,2,7,7,5,4,7,6,8,3,8,4,8,ok,no_info,425
X,2,3,4,2,1,7,7,1,8,10,6,8,2,8,3,8,ok,no_info,426
X,2,3,4,2,2,9,7,2,8,11,3,7,2,7,2,8,ok,no_info,427
X,5,10,7,8,4,7,7,1,8,10,6,8,3,8,4,7,ok,no_info,428
X,4,8,5,7,6,7,8,1,5,7,6,7,3,5,8,7,ok,no_info,429
X,3,8,5,6,4,7,7,3,8,5,6,10,3,7,6,8,ok,no_info,430
X,3,5,5,5,4,8,8,2,5,8,6,8,3,8,7,8,ok,no_info,431
X,2,1,2,1,0,7,7,4,4,7,6,8,3,8,4,8,ok,no_info,432
X,2,3,4,2,2,7,7,3,9,6,6,8,2,8,5,8,ok,no_info,433
X,3,7,4,5,2,7,7,4,4,7,6,8,3,8,4,8,ok,no_info,434
X,5,11,8,8,4,11,5,2,8,10,0,7,3,8,4,10,ok,no_info,435
X,2,2,3,3,2,8,7,3,8,6,6,8,2,8,5,9,ok,no_info,436
X,6,9,8,8,9,7,7,2,5,7,6,8,4,8,8,8,ok,no_info,437
X,3,3,4,4,1,7,7,4,4,7,6,8,3,8,4,8,ok,no_info,438
X,8,13,9,7,5,6,8,2,8,11,7,9,4,8,4,6,ok,no_info,439
X,5,8,8,6,4,9,7,1,8,10,4,7,3,9,4,9,ok,no_info,440
X,4,5,7,4,3,6,8,1,9,10,8,8,2,8,3,7,ok,no_info,441
X,4,9,6,6,5,7,7,3,9,5,7,9,5,7,8,8,ok,no_info,442
X,3,10,4,7,2,7,7,4,4,7,6,8,3,8,4,8,ok,no_info,443
X,4,7,4,4,1,7,7,5,4,7,6,8,3,8,4,8,ok,no_info,444
X,0,0,1,0,0,7,7,3,5,7,6,8,2,8,3,8,ok,no_info,445
X,4,9,6,7,5,7,7,3,8,5,6,8,3,8,6,7,ok,no_info,446
X,5,9,7,7,3,7,8,1,9,10,6,8,3,8,4,7,ok,no_info,447
X,3,6,4,4,1,7,7,6,2,7,6,8,3,8,4,8,ok,no_info,448
X,10,15,9,9,4,6,8,3,9,9,9,9,4,10,4,6,ok,no_info,449
X,2,3,4,1,1,5,9,2,8,10,9,8,2,8,3,6,ok,no_info,450
X,2,7,3,4,1,7,7,4,4,7,6,8,3,8,4,8,ok,no_info,451
X,4,10,7,8,7,7,7,2,6,7,6,8,4,8,7,7,ok,no_info,452
X,6,10,7,5,3,5,8,2,7,11,8,8,4,9,3,6,ok,no_info,453
X,4,5,5,7,2,7,7,5,4,7,6,8,3,8,4,8,ok,no_info,454
X,4,5,6,4,3,7,7,1,9,10,6,8,2,8,3,7,ok,no_info,455
X,4,10,6,8,6,7,7,2,6,7,6,8,3,9,6,8,ok,no_info,456
X,4,2,5,4,3,7,7,3,9,6,6,7,2,8,6,7,ok,no_info,457
X,6,11,9,8,6,4,9,1,8,10,11,10,3,9,3,5,ok,no_info,458
X,2,3,3,4,1,7,7,4,4,7,6,8,3,8,4,8,ok,no_info,459
X,9,14,9,8,5,3,10,3,8,12,11,9,4,8,3,5,ok,no_info,460
X,4,7,5,5,4,8,6,2,5,6,7,7,2,9,7,9,ok,no_info,461
X,7,14,7,8,4,6,8,2,7,11,7,8,4,9,4,7,ok,no_info,462
X,4,10,7,7,4,9,7,0,8,9,5,7,2,8,3,8,ok,no_info,463
X,2,6,3,4,2,7,7,4,4,7,6,7,2,8,4,7,ok,no_info,464
X,5,6,6,8,2,7,7,5,4,7,6,8,3,8,4,8,ok,no_info,465
X,3,7,5,5,4,7,7,2,6,7,5,8,3,6,5,8,ok,no_info,466
X,3,7,4,4,1,7,7,4,4,7,6,8,3,8,4,8,ok,no_info,467
X,6,9,6,4,3,10,7,2,8,9,4,7,4,10,4,9,ok,no_info,468
X,4,9,5,6,3,8,7,4,9,6,6,6,3,8,6,7,ok,no_info,469
X,4,9,4,7,3,7,7,4,4,7,6,8,3,8,4,8,ok,no_info,470
X,4,11,5,8,2,7,7,4,4,7,6,8,3,8,4,8,ok,no_info,471
X,5,9,8,7,4,8,7,1,8,10,5,8,3,8,4,8,ok,no_info,472
X,2,1,2,1,0,8,7,4,4,7,6,8,3,8,4,8,ok,no_info,473
X,7,11,10,9,5,7,7,1,9,10,6,8,3,8,4,7,ok,no_info,474
X,4,5,5,4,4,7,7,2,4,7,6,8,2,9,7,7,ok,no_info,475
X,3,4,4,3,2,7,7,3,9,6,6,9,2,8,5,8,ok,no_info,476
X,3,4,4,5,1,7,7,4,4,7,6,8,3,8,4,8,ok,no_info,477
X,2,7,3,4,1,7,7,4,4,7,6,8,3,8,4,8,ok,no_info,478
X,6,12,7,7,4,8,7,2,7,11,4,6,4,8,4,7,ok,no_info,479
X,7,10,7,5,3,5,8,3,8,10,11,11,4,11,4,5,ok,no_info,480
X,6,8,8,6,6,7,7,2,5,6,6,7,3,9,10,9,ok,no_info,481
X,7,10,10,8,5,10,7,2,8,11,2,7,3,8,4,9,ok,no_info,482
X,5,8,8,6,4,6,8,1,8,10,8,8,3,8,4,7,ok,no_info,483
X,2,4,4,3,2,10,7,1,8,10,3,7,2,7,3,8,ok,no_info,484
X,4,5,5,7,2,7,7,4,4,7,6,8,3,8,4,8,ok,no_info,485
X,2,1,4,3,2,7,8,3,9,6,6,7,2,8,6,7,ok,no_info,486
X,5,7,6,5,5,7,8,3,6,6,6,8,4,8,10,8,ok,no_info,487
X,7,11,8,6,4,8,8,2,8,11,6,7,4,12,4,8,ok,no_info,488
X,2,3,3,1,1,9,6,2,7,10,4,8,2,8,3,9,ok,no_info,489
X,3,3,5,2,2,9,7,2,8,11,4,7,2,7,3,8,ok,no_info,490
X,1,0,1,0,0,7,7,3,4,7,6,8,2,8,4,8,ok,no_info,491
X,4,8,5,6,4,8,7,3,8,5,6,7,3,9,7,7,ok,no_info,492
X,5,8,7,6,3,9,6,2,8,11,2,7,3,9,4,9,ok,no_info,493
X,4,6,6,6,5,6,7,2,5,7,7,9,3,9,8,8,ok,no_info,494
X,3,9,4,6,1,7,7,4,4,7,6,8,3,8,4,8,ok,no_info,495
X,2,4,4,2,2,7,7,1,8,10,6,8,2,8,3,7,ok,no_info,496
X,5,11,6,6,4,6,9,2,6,10,10,8,4,14,4,6,ok,no_info,497
X,5,7,8,5,4,11,5,2,8,10,1,7,2,7,3,10,ok,no_info,498
X,3,6,5,4,3,7,7,4,9,6,6,6,3,8,6,7,ok,no_info,499
X,6,9,8,7,7,7,6,3,5,6,6,10,4,6,11,9,ok,no_info,500
X,5,11,8,8,6,8,7,3,9,5,6,8,3,8,7,8,ok,no_info,501
X,2,4,4,3,2,7,8,1,8,10,6,8,2,8,3,7,ok,no_info,502
X,2,1,3,3,2,8,7,3,9,6,6,6,2,8,5,8,ok,no_info,503
X,5,9,5,5,2,11,6,3,7,9,3,7,3,9,4,10,ok,no_info,504
X,5,7,7,5,6,8,6,2,5,6,7,7,3,10,10,8,ok,no_info,505
X,5,10,7,7,6,8,7,3,5,6,7,6,4,10,11,8,ok,no_info,506
X,5,11,8,8,5,11,7,1,8,10,2,6,4,9,4,11,ok,no_info,507
X,4,6,5,8,2,7,7,5,4,7,6,8,3,8,4,8,ok,no_info,508
X,2,7,3,4,1,7,7,4,4,7,6,8,3,8,4,8,ok,no_info,509
X,3,1,4,3,2,7,8,3,9,6,6,7,3,9,6,6,ok,no_info,510
X,3,4,5,3,2,8,7,4,9,6,6,9,4,7,7,9,ok,no_info,511
X,3,9,5,7,4,7,7,3,8,5,7,9,3,8,6,8,ok,no_info,512
X,5,11,6,8,4,8,7,4,4,7,6,8,3,8,4,8,ok,no_info,513
X,5,7,8,5,4,7,7,1,8,10,7,9,3,8,3,8,ok,no_info,514
X,5,5,6,8,2,7,7,5,4,7,6,8,3,8,4,8,ok,no_info,515
X,4,8,5,5,1,7,7,4,4,7,6,8,3,8,4,8,ok,no_info,516
X,3,5,6,3,3,8,6,1,8,10,5,8,2,8,3,8,ok,no_info,517
X,4,5,7,3,3,6,8,1,9,11,8,9,3,8,3,7,ok,no_info,518
X,3,4,6,3,2,7,7,1,9,11,6,8,2,8,3,8,ok,no_info,519
X,2,2,3,3,2,8,7,3,8,6,6,8,2,8,6,8,ok,no_info,520
X,4,5,8,4,3,8,7,1,9,11,4,7,3,8,3,8,ok,no_info,521
X,2,5,4,4,2,7,7,3,9,6,6,8,2,8,6,8,ok,no_info,522
X,3,9,6,7,5,7,6,2,6,7,5,8,3,6,7,7,ok,no_info,523
X,3,5,5,3,2,8,7,1,8,10,5,7,3,8,3,7,ok,no_info,524
X,3,5,5,3,2,7,7,1,8,10,6,8,2,8,3,8,ok,no_info,525
X,3,4,6,3,3,7,7,1,9,10,7,8,3,8,3,7,ok,no_info,526
X,2,1,2,1,0,8,7,4,4,7,6,8,3,8,4,8,ok,no_info,527
X,2,4,4,3,2,7,7,3,9,6,6,8,2,8,5,8,ok,no_info,528
X,4,6,6,4,5,8,6,3,5,6,7,8,3,9,8,9,ok,no_info,529
X,3,3,4,4,1,7,7,6,2,7,6,8,3,8,4,8,ok,no_info,530
X,4,10,5,7,2,7,7,4,4,7,6,8,3,8,4,8,ok,no_info,531
X,4,5,8,4,3,7,7,1,9,10,6,8,2,8,3,7,ok,no_info,532
X,7,10,10,8,5,5,8,2,9,11,10,9,3,8,4,6,ok,no_info,533
X,4,11,6,8,6,8,8,2,6,7,7,8,5,11,8,8,ok,no_info,534
X,3,1,4,2,2,7,7,4,9,6,6,8,3,8,6,8,ok,no_info,535
X,3,7,4,5,2,8,7,4,4,7,6,8,2,8,4,8,ok,no_info,536
X,3,7,4,4,1,7,7,4,4,7,6,8,3,8,4,8,ok,no_info,537
X,5,7,7,6,7,9,7,2,4,7,6,6,3,10,7,8,ok,no_info,538
X,3,5,5,4,2,7,8,1,8,10,8,8,2,8,3,7,ok,no_info,539
X,4,7,6,5,3,7,8,1,8,10,7,8,2,8,3,7,ok,no_info,540
X,3,7,4,4,1,7,7,4,4,7,6,8,3,8,4,8,ok,no_info,541
X,4,7,5,6,5,7,8,2,5,7,6,7,3,5,7,8,ok,no_info,542
X,9,15,8,8,4,9,7,2,9,9,5,7,4,11,4,9,ok,no_info,543
X,6,9,7,8,8,8,6,1,6,7,6,8,4,13,9,8,ok,no_info,544
X,3,6,6,4,4,9,8,3,6,7,7,7,5,11,6,7,ok,no_info,545
X,4,9,5,6,1,7,7,5,4,7,6,8,3,8,4,8,ok,no_info,546
X,2,3,3,2,1,7,7,3,9,6,6,8,2,8,5,7,ok,no_info,547
X,3,6,5,4,4,7,8,3,5,6,6,9,3,8,8,8,ok,no_info,548
X,4,10,5,7,1,7,7,5,4,7,6,8,3,8,4,8,ok,no_info,549
X,3,4,4,3,2,7,7,3,9,6,6,9,2,8,5,8,ok,no_info,550
X,4,8,5,6,3,7,7,4,9,6,6,8,3,8,6,8,ok,no_info,551
X,5,9,8,7,4,8,8,1,9,10,5,7,3,8,4,8,ok,no_info,552
X,4,4,5,6,1,7,7,4,4,7,6,8,3,8,4,8,ok,no_info,553
X,4,10,6,8,6,6,7,3,6,7,7,11,5,6,7,7,ok,no_info,554
X,4,8,6,6,3,7,8,0,7,9,7,8,2,8,3,7,ok,no_info,555
X,5,8,6,7,7,6,8,2,5,8,7,10,2,8,7,8,ok,no_info,556
X,4,5,5,7,1,7,7,5,4,7,6,8,3,8,4,8,ok,no_info,557
X,2,4,4,3,2,10,6,2,8,10,3,7,2,8,3,9,ok,no_info,558
X,3,3,5,2,2,5,9,2,7,10,9,8,2,8,3,6,ok,no_info,559
X,2,3,3,2,2,7,7,3,9,6,6,8,2,8,6,8,ok,no_info,560
X,5,10,8,8,7,8,6,3,6,7,4,6,6,7,9,6,ok,no_info,561
X,2,1,2,1,0,7,7,4,4,7,6,8,2,8,4,8,ok,no_info,562
X,4,8,6,6,4,9,6,1,8,10,3,7,3,9,4,9,ok,no_info,563
X,7,11,6,6,3,5,8,3,9,10,9,10,4,7,4,5,ok,no_info,564
X,3,6,4,4,2,7,7,4,4,7,6,8,3,8,4,8,ok,no_info,565
X,7,11,7,6,3,4,8,3,9,9,11,10,4,11,4,5,ok,no_info,566
X,3,9,4,7,3,7,7,4,4,7,6,8,2,8,4,8,ok,no_info,567
X,4,7,6,5,5,7,8,2,6,7,6,8,4,8,5,8,ok,no_info,568
X,5,5,6,7,2,7,7,5,4,7,6,8,3,8,4,8,ok,no_info,569
X,1,0,2,0,0,7,7,4,4,7,6,8,2,8,4,8,ok,no_info,570
X,3,6,4,4,2,7,7,4,4,7,6,8,3,8,4,8,ok,no_info,571
X,3,6,5,4,3,8,7,4,9,6,6,8,3,8,6,8,ok,no_info,572
X,2,6,4,4,2,7,7,4,8,6,6,10,3,8,6,8,ok,no_info,573
X,4,9,6,7,4,9,7,0,8,9,4,8,2,8,3,8,ok,no_info,574
X,5,9,6,5,3,9,7,2,7,11,5,7,4,11,3,8,ok,no_info,575
X,3,8,4,5,1,7,7,4,4,7,6,8,3,8,4,8,ok,no_info,576
X,4,9,5,4,2,6,8,1,7,11,6,8,3,7,4,6,ok,no_info,577
X,5,9,8,7,5,3,8,1,8,10,11,10,2,9,3,5,ok,no_info,578
X,4,6,5,8,2,7,7,4,4,7,6,8,3,8,4,8,ok,no_info,579
X,5,9,6,8,7,7,8,1,5,7,6,8,3,6,8,8,ok,no_info,580
X,3,1,4,3,2,7,7,3,9,6,6,8,2,8,6,8,ok,no_info,581
X,3,6,4,5,4,7,8,2,5,8,6,8,2,7,6,7,ok,no_info,582
X,5,8,7,6,5,8,5,3,5,7,7,9,4,8,10,9,ok,no_info,583
X,5,11,8,8,7,7,7,3,8,5,7,10,3,8,6,8,ok,no_info,584
X,4,9,6,7,4,8,7,4,9,6,7,9,4,7,8,9,ok,no_info,585
X,5,10,6,8,4,7,7,4,4,7,6,8,3,8,4,8,ok,no_info,586
X,4,9,6,6,4,7,6,3,8,5,6,9,3,8,7,8,ok,no_info,587
X,3,8,4,6,3,7,7,4,4,7,6,8,3,8,4,8,ok,no_info,588
X,4,8,6,6,5,7,6,2,6,7,7,9,5,9,7,7,ok,no_info,589
X,2,6,4,4,2,7,8,3,8,6,6,6,3,8,7,7,ok,no_info,590
X,3,7,4,5,2,7,7,4,4,7,6,8,3,8,4,8,ok,no_info,591
X,4,6,7,4,3,5,8,2,8,11,10,9,3,8,3,6,ok,no_info,592
X,9,15,10,9,6,8,7,2,8,11,5,7,5,9,4,7,ok,no_info,593
X,2,3,3,1,1,8,7,3,8,6,6,8,2,8,5,8,ok,no_info,594
X,3,4,4,3,2,8,7,3,9,6,6,8,2,8,6,8,ok,no_info,595
X,4,10,5,7,2,7,7,5,4,7,6,8,3,8,4,8,ok,no_info,596
X,1,1,2,1,0,8,7,3,4,7,6,8,2,8,4,8,ok,no_info,597
X,4,8,5,6,3,7,7,4,4,7,6,7,3,8,4,8,ok,no_info,598
X,7,9,6,4,3,8,7,2,8,9,7,8,4,12,3,7,ok,no_info,599
X,3,4,4,5,1,7,7,4,4,7,6,8,3,8,4,8,ok,no_info,600
X,1,3,2,1,1,8,7,4,8,7,6,8,2,8,5,8,ok,no_info,601
X,4,8,6,6,6,7,7,3,5,6,5,10,2,7,8,8,ok,no_info,602
X,6,11,8,8,8,7,6,3,5,6,6,9,4,7,11,10,ok,no_info,603
X,4,7,6,5,3,11,6,2,8,10,0,6,3,7,3,10,ok,no_info,604
X,6,9,9,7,5,7,7,0,8,10,6,8,3,8,3,7,ok,no_info,605
X,4,6,7,4,3,9,7,1,8,10,4,7,3,8,3,8,ok,no_info,606
X,2,1,2,1,0,8,7,4,4,7,6,8,3,8,4,8,ok,no_info,607
X,4,11,5,8,4,7,7,4,4,7,6,7,2,8,4,8,ok,no_info,608
X,3,7,4,4,1,7,7,4,4,7,6,8,3,8,4,8,ok,no_info,609
X,5,8,7,6,3,9,7,2,8,10,4,7,3,8,4,8,ok,no_info,610
X,9,14,10,8,5,3,9,4,8,12,11,9,4,8,3,5,ok,no_info,611
X,4,11,7,8,6,8,8,2,6,7,6,6,6,10,9,8,ok,no_info,612
X,3,5,5,4,2,9,6,1,8,10,4,8,2,8,3,9,ok,no_info,613
X,3,6,5,4,3,8,7,3,8,6,6,8,2,8,6,8,ok,no_info,614
X,3,3,5,2,2,7,8,1,8,10,7,8,2,8,3,7,ok,no_info,615
X,4,10,5,8,3,7,7,4,4,7,6,8,3,8,4,8,ok,no_info,616
X,2,3,3,2,1,8,7,3,8,6,6,8,2,8,5,8,ok,no_info,617
X,4,9,6,7,4,7,7,4,9,6,6,8,3,8,7,8,ok,no_info,618
X,3,7,5,5,3,4,8,1,7,10,11,9,2,9,3,5,ok,no_info,619
X,4,5,5,5,5,9,7,2,4,8,5,7,3,8,7,8,ok,no_info,620
X,3,8,5,6,4,7,7,3,8,6,7,10,3,7,7,8,ok,no_info,621
X,4,8,7,6,4,6,7,1,8,10,8,9,3,8,3,7,ok,no_info,622
X,4,8,6,6,3,7,7,1,8,10,6,8,3,8,4,7,ok,no_info,623
X,4,5,6,3,3,7,7,1,9,10,6,8,2,8,3,7,ok,no_info,624
X,5,9,7,8,8,7,8,2,5,8,6,8,4,6,8,9,ok,no_info,625
X,9,14,10,8,5,5,9,3,8,11,9,8,4,9,4,6,ok,no_info,626
X,3,8,4,6,3,7,7,3,8,6,6,10,3,8,6,8,ok,no_info,627
X,6,10,8,8,7,7,6,3,5,6,6,8,3,9,10,9,ok,no_info,628
X,3,4,4,5,1,7,7,4,4,7,6,8,3,8,4,8,ok,no_info,629
X,4,9,7,7,5,7,7,3,9,5,6,10,3,8,6,8,ok,no_info,630
X,7,13,8,7,5,9,6,3,8,11,3,7,4,8,4,8,ok,no_info,631
X,5,7,7,6,7,8,7,2,5,7,6,8,3,9,8,8,ok,no_info,632
X,3,4,4,3,2,7,7,3,9,6,6,9,2,8,6,8,ok,no_info,633
X,2,3,4,1,1,6,8,2,8,11,8,8,2,8,3,7,ok,no_info,634
X,6,9,9,7,5,5,8,1,8,10,10,9,4,7,4,6,ok,no_info,635
X,4,4,4,6,1,7,7,4,4,7,6,8,3,8,4,8,ok,no_info,636
X,4,7,6,5,3,7,8,1,8,10,7,8,2,8,3,8,ok,no_info,637
X,9,12,8,6,4,7,7,2,9,9,7,9,4,9,4,7,ok,no_info,638
X,5,9,8,6,4,4,9,3,8,11,12,9,3,9,4,5,ok,no_info,639
X,5,11,7,9,6,8,7,3,5,6,7,7,4,10,11,9,ok,no_info,640
X,3,8,5,6,3,7,8,4,9,6,6,7,3,9,7,7,ok,no_info,641
X,3,3,5,2,2,10,6,2,8,11,3,7,2,8,3,9,ok,no_info,642
X,2,3,3,1,1,6,8,2,8,10,8,9,2,8,2,7,ok,no_info,643
X,5,10,7,8,4,9,6,1,8,10,3,7,3,8,4,8,ok,no_info,644
X,1,1,2,2,1,8,7,3,8,6,6,8,2,8,6,8,ok,no_info,645
X,2,6,4,4,3,8,8,2,5,7,5,7,3,8,5,7,ok,no_info,646
X,4,6,6,4,3,7,7,1,8,10,7,9,2,8,3,7,ok,no_info,647
X,1,3,2,1,1,7,7,3,7,6,6,9,2,8,5,8,ok,no_info,648
X,4,7,5,5,1,7,7,6,2,7,6,8,3,8,4,8,ok,no_info,649
X,7,10,10,8,6,4,8,2,8,10,11,10,3,9,3,5,ok,no_info,650
X,5,10,6,8,4,7,7,4,4,7,6,8,3,8,4,8,ok,no_info,651
X,6,11,9,9,6,7,7,0,8,9,6,8,3,8,3,7,ok,no_info,652
X,4,11,6,8,4,7,8,3,9,6,5,6,4,10,8,6,ok,no_info,653
X,5,10,7,8,6,8,5,3,5,6,7,7,3,10,9,9,ok,no_info,654
X,5,5,6,7,2,7,7,5,4,7,6,8,3,8,4,8,ok,no_info,655
X,3,5,4,3,2,8,7,3,9,6,7,9,3,7,7,9,ok,no_info,656
X,5,10,6,7,2,7,7,5,4,7,6,8,3,8,4,8,ok,no_info,657
X,7,15,8,8,5,11,7,2,7,11,3,5,3,11,4,9,ok,no_info,658
X,2,3,3,2,1,7,8,1,7,10,7,8,2,8,2,7,ok,no_info,659
X,3,5,4,4,4,8,8,2,5,8,6,7,2,7,6,7,ok,no_info,660
X,4,10,5,7,2,7,7,5,4,7,6,8,3,8,4,8,ok,no_info,661
X,4,10,7,7,4,9,7,0,8,9,4,7,3,8,3,8,ok,no_info,662
X,7,15,7,8,4,10,7,2,8,9,4,7,4,10,4,10,ok,no_info,663
X,4,8,5,6,1,7,7,5,4,7,6,8,3,8,4,8,ok,no_info,664
X,1,0,2,0,0,7,7,4,4,7,6,8,2,8,4,8,ok,no_info,665
X,8,12,8,6,4,10,6,3,9,9,2,5,4,6,4,10,ok,no_info,666
X,4,10,6,8,6,6,7,2,6,7,7,9,3,7,6,8,ok,no_info,667
X,5,9,8,7,4,8,7,1,8,10,4,7,3,8,4,8,ok,no_info,668
X,4,8,6,6,3,6,8,1,8,10,8,9,3,8,3,7,ok,no_info,669
X,3,8,5,6,3,8,7,4,9,6,6,6,3,8,7,7,ok,no_info,670
X,7,9,8,5,4,8,7,3,8,12,4,7,4,9,4,8,ok,no_info,671
X,3,8,4,6,1,7,7,4,4,7,6,8,3,8,4,8,ok,no_info,672
X,4,6,5,4,4,7,6,3,5,6,6,9,2,8,8,8,ok,no_info,673
X,4,10,5,7,1,7,7,5,4,7,6,8,3,8,4,8,ok,no_info,674
X,2,3,3,2,2,7,7,3,8,6,6,8,2,8,5,8,ok,no_info,675
X,5,10,8,8,5,7,7,4,10,6,6,8,3,8,7,8,ok,no_info,676
X,2,2,4,4,2,7,7,3,9,6,6,8,2,8,6,7,ok,no_info,677
X,3,4,5,3,2,10,7,2,8,10,3,7,2,7,3,9,ok,no_info,678
X,7,11,8,6,4,7,8,2,8,11,7,8,5,11,4,7,ok,no_info,679
X,4,6,5,5,5,6,8,2,4,8,7,9,2,8,7,8,ok,no_info,680
X,4,5,7,4,3,9,6,1,9,10,4,7,2,8,3,8,ok,no_info,681
X,5,10,6,8,4,7,7,4,4,7,6,7,3,8,4,8,ok,no_info,682
X,4,8,6,6,3,9,7,1,8,10,2,7,3,8,4,9,ok,no_info,683
X,3,5,6,4,3,8,7,1,9,10,4,8,2,8,3,8,ok,no_info,684
X,5,11,7,8,4,5,8,2,8,10,11,10,3,8,4,5,ok,no_info,685
X,5,9,6,6,5,7,6,3,5,6,6,9,3,7,10,9,ok,no_info,686
X,3,1,4,2,2,8,7,3,9,6,6,8,3,8,6,8,ok,no_info,687
X,4,9,6,6,5,7,7,3,9,5,6,8,3,8,6,8,ok,no_info,688
X,3,4,5,3,2,7,8,1,8,10,7,8,2,8,3,7,ok,no_info,689
X,3,9,4,7,3,8,7,4,4,7,6,9,2,8,4,8,ok,no_info,690
X,1,1,2,1,0,7,7,4,4,7,6,8,2,8,4,7,ok,no_info,691
X,3,4,5,3,2,7,7,1,8,10,6,8,2,8,3,8,ok,no_info,692
X,4,5,6,4,3,7,7,1,9,10,6,8,2,8,3,7,ok,no_info,693
X,3,2,4,3,2,7,7,3,9,6,6,8,3,8,6,7,ok,no_info,694
X,2,3,3,4,1,7,7,4,4,7,6,8,2,8,4,8,ok,no_info,695
X,4,8,7,6,3,8,6,1,8,10,4,8,3,8,3,8,ok,no_info,696
X,4,9,5,6,1,7,7,5,4,7,6,8,3,8,4,8,ok,no_info,697
X,1,0,1,0,0,7,7,3,5,7,6,8,2,8,4,8,ok,no_info,698
X,6,11,8,8,7,8,6,3,6,6,7,7,4,8,10,10,ok,no_info,699
X,4,3,4,5,1,7,7,4,4,7,6,8,3,8,4,8,ok,no_info,700
X,5,7,7,5,3,7,7,1,8,10,5,8,3,8,3,7,ok,no_info,701
X,3,7,4,4,1,7,7,5,4,7,6,8,3,8,4,8,ok,no_info,702
X,6,11,9,8,5,8,6,1,9,10,4,8,3,8,4,8,ok,no_info,703
X,6,12,6,6,3,10,6,3,8,9,2,6,4,6,4,10,ok,no_info,704
X,3,4,5,3,2,7,8,4,9,6,6,7,4,9,7,7,ok,no_info,705
X,8,11,8,6,4,4,10,4,8,11,10,9,4,9,3,5,ok,no_info,706
X,5,11,8,8,6,7,8,3,9,5,5,7,4,9,8,7,ok,no_info,707
X,4,9,6,7,4,7,7,4,9,6,7,11,4,6,8,9,ok,no_info,708
X,8,12,9,7,5,6,8,2,8,11,7,8,5,8,4,6,ok,no_info,709
X,3,6,5,5,4,5,8,2,5,8,6,9,3,6,7,8,ok,no_info,710
X,5,11,9,8,8,9,6,3,6,7,5,5,6,10,8,9,ok,no_info,711
X,6,9,9,7,5,7,7,0,8,10,7,9,2,8,3,7,ok,no_info,712
X,5,10,8,7,6,7,8,2,6,7,6,7,6,9,8,7,ok,no_info,713
X,7,11,11,8,5,7,7,1,9,10,6,8,3,8,4,7,ok,no_info,714
X,3,9,5,7,4,8,7,3,8,6,7,8,3,8,7,9,ok,no_info,715
X,3,4,4,5,1,7,7,4,4,7,6,8,3,8,4,8,ok,no_info,716
X,7,13,7,7,4,7,7,2,9,9,5,8,4,7,4,8,ok,no_info,717
X,4,8,4,6,3,7,7,4,4,7,6,8,3,8,4,8,ok,no_info,718
X,1,0,1,0,0,8,7,3,5,7,6,8,2,8,3,7,ok,no_info,719
X,5,10,7,8,4,10,7,1,8,10,2,6,3,9,4,10,ok,no_info,720
X,5,10,8,8,6,10,7,3,7,7,6,6,6,12,8,9,ok,no_info,721
X,1,1,2,1,0,8,7,3,4,7,6,8,2,8,4,8,ok,no_info,722
X,8,13,7,7,4,8,8,2,9,9,6,7,4,10,4,8,ok,no_info,723
X,5,10,7,7,6,7,6,3,5,6,6,8,3,9,9,9,ok,no_info,724
X,6,11,6,6,3,11,7,3,8,10,3,6,4,11,4,10,ok,no_info,725
X,4,11,6,8,4,8,7,4,9,6,6,6,3,8,7,7,ok,no_info,726
X,6,10,9,8,5,3,9,2,8,11,12,10,3,9,3,5,ok,no_info,727
X,4,9,5,6,1,7,7,4,4,7,6,8,3,8,4,8,ok,no_info,728
X,4,7,5,6,6,9,8,2,5,8,5,6,2,6,7,8,ok,no_info,729
X,3,4,5,3,2,5,8,2,8,10,10,9,3,8,3,5,ok,no_info,730
X,3,7,5,5,4,7,7,3,8,5,6,9,3,7,7,9,ok,no_info,731
X,3,7,4,4,1,7,7,4,4,7,6,8,3,8,4,8,ok,no_info,732
X,5,10,6,7,1,7,7,5,4,7,6,8,3,8,4,8,ok,no_info,733
X,4,6,5,5,5,7,8,2,4,7,6,8,2,7,7,7,ok,no_info,734
X,2,3,3,2,1,7,7,3,8,6,6,8,2,8,5,8,ok,no_info,735
X,6,10,6,6,3,7,7,2,7,11,6,8,4,9,4,7,ok,no_info,736
X,2,7,4,5,4,7,6,2,6,7,5,8,3,7,5,9,ok,no_info,737
X,4,9,6,6,4,7,7,3,8,5,6,7,3,9,7,6,ok,no_info,738
X,3,8,4,5,1,7,7,4,4,7,6,8,3,8,4,8,ok,no_info,739
X,4,5,7,4,3,5,8,2,9,11,10,9,3,7,4,5,ok,no_info,740
X,3,9,4,7,3,7,7,4,4,7,6,8,3,8,4,8,ok,no_info,741
X,4,10,7,8,4,10,6,2,8,10,1,7,3,8,4,9,ok,no_info,742
X,3,4,5,3,2,7,7,4,9,6,6,8,2,8,6,8,ok,no_info,743
X,3,6,4,4,1,7,7,4,4,7,6,8,3,8,4,8,ok,no_info,744
X,5,8,7,6,5,8,6,3,5,6,7,8,2,9,8,9,ok,no_info,745
X,3,5,4,4,3,8,7,3,9,6,6,8,2,8,6,8,ok,no_info,746
X,5,11,6,6,3,4,9,3,7,11,10,9,4,10,3,5,ok,no_info,747
X,2,2,4,3,2,8,7,3,9,6,6,8,2,8,6,8,ok,no_info,748
X,3,9,4,6,1,7,7,4,4,7,6,8,3,8,4,8,ok,no_info,749
X,4,8,4,6,3,7,7,4,4,7,6,8,3,8,4,8,ok,no_info,750
X,10,13,9,7,4,6,7,2,9,9,7,9,4,6,4,6,ok,no_info,751
X,4,6,6,4,4,7,7,2,6,7,5,8,3,6,6,8,ok,no_info,752
X,6,9,10,7,4,8,8,1,9,10,5,7,3,8,4,8,ok,no_info,753
X,6,8,8,7,8,8,8,2,5,8,6,8,4,8,8,8,ok,no_info,754
X,5,5,6,8,2,7,7,5,4,7,6,8,3,8,4,8,ok,no_info,755
X,6,11,9,8,5,7,7,1,9,10,6,8,3,8,4,7,ok,no_info,756
X,5,10,7,8,6,8,7,3,5,6,7,6,4,10,10,9,ok,no_info,757
X,3,10,5,7,4,7,7,3,8,6,6,8,3,8,7,7,ok,no_info,758
X,5,6,7,4,3,7,8,1,8,10,6,8,3,8,3,7,ok,no_info,759
X,4,10,7,8,6,6,8,2,6,7,6,10,4,6,7,7,ok,no_info,760
X,5,9,8,7,6,6,8,3,6,7,7,11,5,6,8,6,ok,no_info,761
X,4,9,7,7,5,8,7,3,8,5,6,8,2,8,6,8,ok,no_info,762
X,5,10,8,7,5,4,7,1,8,10,10,10,4,7,4,5,ok,no_info,763
X,4,6,6,4,3,7,7,1,8,10,8,8,3,8,3,7,ok,no_info,764
X,4,9,5,7,3,7,7,4,4,7,6,7,3,8,4,8,ok,no_info,765
X,4,7,5,5,4,8,7,3,8,6,5,6,3,9,6,8,ok,no_info,766
X,7,10,9,8,8,7,6,3,5,6,6,10,5,5,12,10,ok,no_info,767
X,9,12,8,6,4,7,7,2,9,9,5,8,4,5,4,8,ok,no_info,768
X,4,6,6,4,4,9,8,3,5,7,7,7,4,11,6,7,ok,no_info,769
X,3,3,5,2,2,5,8,2,8,11,9,9,2,9,3,6,ok,no_info,770
X,3,4,4,6,1,7,7,4,4,7,6,8,3,8,4,8,ok,no_info,771
X,4,9,6,7,5,8,6,3,5,6,7,7,2,8,9,9,ok,no_info,772
X,2,3,3,2,1,5,8,2,7,10,10,9,2,9,2,6,ok,no_info,773
X,6,9,9,7,4,10,5,2,8,11,1,7,3,8,4,9,ok,no_info,774
X,2,8,4,6,3,7,7,4,8,6,6,8,3,8,6,8,ok,no_info,775
X,3,8,5,6,3,5,8,2,8,10,10,9,3,9,3,6,ok,no_info,776
X,6,10,10,8,5,9,6,1,8,10,3,7,3,8,4,9,ok,no_info,777
X,4,9,5,6,1,7,7,5,4,7,6,8,3,8,4,8,ok,no_info,778
X,4,9,6,7,4,8,7,4,9,6,7,8,4,6,8,9,ok,no_info,779
X,4,6,7,4,3,7,7,2,8,10,7,9,3,8,3,7,ok,no_info,780
X,7,9,7,5,3,8,7,2,8,9,6,8,4,10,4,8,ok,no_info,781
X,3,7,4,5,2,7,7,4,4,7,6,8,2,8,4,8,ok,no_info,782
X,3,6,5,4,3,8,7,3,8,5,6,8,2,8,6,8,ok,no_info,783
X,3,7,4,4,1,7,7,4,4,7,6,8,3,8,4,8,ok,no_info,784
X,3,5,4,3,2,7,7,3,9,6,6,8,3,8,6,7,ok,no_info,785
X,3,1,5,3,2,8,7,4,9,6,6,8,2,8,6,8,ok,no_info,786
X,4,4,4,6,1,7,7,4,4,7,6,8,3,8,4,8,ok,no_info,787
X,3,4,4,5,1,7,7,4,4,7,6,8,3,8,4,8,ok,no_info,788
X,1,0,1,0,0,7,7,3,5,7,6,8,2,8,4,7,ok,no_info,789
X,4,11,5,8,4,7,7,4,4,7,6,8,2,8,4,8,ok,no_info,790
X,3,7,5,6,5,9,7,2,4,8,6,6,3,9,7,7,ok,no_info,791
X,5,11,8,8,4,10,7,2,9,11,1,6,3,8,4,9,ok,no_info,792
X,3,10,4,7,1,7,7,4,4,7,6,8,3,8,4,8,ok,no_info,793
X,2,3,4,2,1,9,6,2,8,10,3,7,2,8,2,8,ok,no_info,794
X,6,10,9,7,4,8,6,1,9,10,4,8,3,8,4,8,ok,no_info,795
X,4,10,6,8,4,7,7,4,9,6,6,8,3,8,7,7,ok,no_info,796
X,9,14,8,8,4,9,6,3,8,9,4,7,5,8,5,9,ok,no_info,797
X,3,7,5,5,3,8,8,3,8,6,6,7,3,8,6,8,ok,no_info,798
X,3,5,5,3,2,5,9,2,8,11,10,9,2,9,3,6,ok,no_info,799
X,7,11,11,8,7,4,8,2,9,10,11,9,5,8,5,4,ok,no_info,800
X,3,9,4,6,1,7,7,4,4,7,6,8,3,8,4,8,ok,no_info,801
L,3,5,5,4,2,7,4,1,8,8,2,10,0,7,2,8,anomalia,no_info,802
M,5,10,6,8,4,7,7,12,2,7,9,8,9,6,0,8,anomalia,no_info,803
Z,2,5,3,4,2,7,7,5,9,6,6,8,1,8,7,8,anomalia,no_info,804
J,3,7,5,5,4,10,5,2,6,8,5,5,3,7,5,7,anomalia,no_info,805
V,5,11,8,8,10,8,5,5,2,8,8,8,6,9,4,8,anomalia,no_info,806
V,5,9,4,4,2,9,10,4,4,6,10,6,4,11,3,7,anomalia,no_info,807
L,3,7,4,5,2,4,4,3,10,2,1,7,0,7,2,5,anomalia,no_info,808
H,5,7,8,5,6,5,9,3,6,10,8,8,3,8,3,6,anomalia,no_info,809
C,5,4,6,6,2,6,7,7,11,8,6,13,1,9,4,8,anomalia,no_info,810
Y,5,7,5,5,2,3,10,2,7,11,11,6,1,11,2,5,anomalia,no_info,811
D,4,8,6,6,4,7,8,7,7,10,6,5,3,8,4,7,anomalia,no_info,812
U,9,11,9,8,6,3,8,5,8,10,9,10,3,9,2,6,anomalia,no_info,813
I,5,12,5,6,3,6,11,3,5,13,6,4,1,8,5,8,anomalia,no_info,814
Q,1,1,2,1,1,8,7,6,3,6,6,8,2,8,3,8,anomalia,no_info,815
J,2,5,3,3,1,10,6,2,6,12,4,9,1,6,1,7,anomalia,no_info,816
G,4,9,6,6,6,7,7,6,3,7,6,9,5,7,7,7,anomalia,no_info,817
U,4,4,5,3,2,5,8,5,7,10,9,8,3,9,2,5,anomalia,no_info,818
P,4,6,5,4,4,8,5,6,5,7,6,7,2,9,7,9,anomalia,no_info,819
T,2,3,3,2,1,5,12,3,7,11,9,5,1,10,2,5,anomalia,no_info,820
T,5,11,6,8,8,6,8,4,5,6,6,9,6,7,6,7,anomalia,no_info,821
Y,4,10,6,7,1,9,11,3,2,5,13,8,1,11,0,8,anomalia,no_info,822
G,5,10,6,7,4,6,7,7,7,10,7,11,2,10,4,9,anomalia,no_info,823
K,7,14,8,8,5,9,6,3,5,11,3,7,5,7,4,8,anomalia,no_info,824
S,4,8,5,6,6,9,9,5,4,8,4,6,4,9,9,7,anomalia,no_info,825
N,4,10,6,8,5,8,8,6,5,7,6,6,6,9,2,6,anomalia,no_info,826
M,4,3,4,5,3,7,7,12,1,7,9,8,8,6,0,8,anomalia,no_info,827
G,2,3,3,2,1,7,7,5,5,10,7,10,2,9,4,10,anomalia,no_info,828
L,2,3,2,2,1,5,4,5,6,2,2,5,1,7,1,6,anomalia,no_info,829
L,3,4,3,6,1,0,1,5,6,0,0,7,0,8,0,8,anomalia,no_info,830
V,6,11,6,6,3,7,9,3,4,8,9,6,5,9,3,6,anomalia,no_info,831
P,4,9,6,6,4,7,9,3,4,12,5,4,2,9,3,8,anomalia,no_info,832
K,3,1,5,3,3,6,7,4,8,7,6,11,3,8,5,9,anomalia,no_info,833
W,4,10,6,8,7,8,7,6,2,7,8,8,9,7,4,9,anomalia,no_info,834
Q,2,0,2,1,1,8,7,6,3,6,6,9,2,8,3,8,anomalia,no_info,835
Q,2,2,3,3,2,8,8,6,1,5,6,9,2,9,5,10,anomalia,no_info,836
Q,4,8,6,7,5,8,8,7,5,6,7,9,3,8,4,9,anomalia,no_info,837
S,3,6,5,4,5,6,7,3,2,8,6,6,2,7,10,1,anomalia,no_info,838
H,3,8,5,6,4,8,8,7,7,7,5,7,3,8,3,7,anomalia,no_info,839
W,2,3,4,2,2,7,10,2,2,7,9,8,6,11,0,8,anomalia,no_info,840
O,10,14,7,8,4,6,8,5,4,7,4,6,5,9,5,7,anomalia,no_info,841
Y,6,9,5,5,2,5,9,3,3,10,9,5,3,10,3,4,anomalia,no_info,842
L,1,0,1,0,0,2,2,5,4,1,2,6,0,8,0,8,anomalia,no_info,843
T,6,8,6,6,3,4,12,3,7,12,10,5,1,11,1,5,anomalia,no_info,844
G,2,3,2,2,1,6,8,5,4,9,8,9,2,8,4,9,anomalia,no_info,845
E,5,10,4,5,3,7,8,4,3,10,5,9,4,9,7,10,anomalia,no_info,846
J,6,7,8,8,7,8,8,5,7,7,5,8,4,10,10,8,anomalia,no_info,847
Q,4,3,5,5,2,8,9,7,6,6,8,9,3,8,5,9,anomalia,no_info,848
N,7,14,9,8,5,3,9,4,4,13,12,10,6,9,0,8,anomalia,no_info,849
T,4,5,4,4,2,6,11,2,7,11,9,4,1,11,2,4,anomalia,no_info,850
M,5,8,7,6,7,8,6,6,5,7,7,10,11,6,2,9,anomalia,no_info,851
O,4,5,5,4,3,7,7,8,5,7,6,8,2,8,3,8,anomalia,no_info,852
A,6,10,7,6,3,12,0,4,1,11,4,12,4,4,3,11,anomalia,no_info,853
T,2,9,4,7,2,7,13,0,5,7,10,8,0,8,0,8,anomalia,no_info,854
N,3,5,6,3,2,7,9,2,5,10,6,6,5,8,1,7,anomalia,no_info,855
F,4,10,4,7,3,1,12,4,4,11,10,8,0,8,2,6,anomalia,no_info,856
P,2,5,3,7,5,8,6,5,1,7,6,7,6,8,5,9,anomalia,no_info,857
U,3,7,5,5,3,4,8,6,6,7,9,10,3,9,1,8,anomalia,no_info,858
H,5,7,8,5,5,9,7,3,6,10,4,7,5,8,4,9,anomalia,no_info,859
O,6,9,4,4,2,8,7,5,5,8,4,7,4,9,5,8,anomalia,no_info,860
S,2,8,3,6,2,8,8,6,9,5,6,7,0,8,9,8,anomalia,no_info,861
J,5,9,6,7,3,6,8,2,6,15,6,8,2,8,2,8,anomalia,no_info,862
O,4,5,5,4,4,8,4,4,4,9,4,10,3,6,6,6,anomalia,no_info,863
B,4,8,6,6,5,7,8,6,6,10,6,6,3,8,7,8,anomalia,no_info,864
F,3,8,5,6,3,6,11,4,6,11,9,4,2,10,3,5,anomalia,no_info,865
E,3,9,3,6,2,3,6,6,10,7,7,14,0,8,7,8,anomalia,no_info,866
F,3,6,5,4,3,5,10,4,6,10,9,5,2,9,3,5,anomalia,no_info,867
A,2,3,3,1,1,6,2,2,1,5,2,8,1,6,1,7,anomalia,no_info,868
Q,3,5,4,6,4,8,9,4,2,5,8,11,2,10,5,8,anomalia,no_info,869
C,6,9,6,7,4,4,7,5,7,10,9,14,4,9,5,5,anomalia,no_info,870
S,4,9,6,6,7,9,4,4,4,9,6,9,4,7,10,9,anomalia,no_info,871
F,7,10,9,8,7,9,7,2,6,12,4,6,5,9,4,9,anomalia,no_info,872
C,5,10,7,9,8,5,6,4,4,7,6,11,5,11,8,10,anomalia,no_info,873
V,4,7,6,5,6,8,6,4,2,7,8,8,7,9,4,6,anomalia,no_info,874
T,4,4,5,3,2,5,12,2,8,11,9,4,0,10,2,4,anomalia,no_info,875
N,5,9,5,4,2,9,11,5,3,5,6,9,5,11,2,6,anomalia,no_info,876
E,1,0,1,0,0,5,8,5,7,7,6,12,0,8,6,10,anomalia,no_info,877
L,3,8,3,6,2,0,2,4,6,1,0,8,0,8,0,8,anomalia,no_info,878
A,3,9,5,6,2,6,5,3,1,6,1,8,2,7,2,7,anomalia,no_info,879
K,5,11,5,8,5,3,8,7,3,6,4,11,3,8,2,11,anomalia,no_info,880
M,6,9,10,7,12,7,5,3,2,7,5,8,15,7,4,6,anomalia,no_info,881
R,2,3,3,2,2,7,7,5,5,7,5,6,2,7,4,8,anomalia,no_info,882
S,6,12,6,7,3,6,8,3,6,13,7,7,2,9,3,7,anomalia,no_info,883
Y,3,9,5,6,3,7,9,1,6,6,11,8,2,11,2,7,anomalia,no_info,884
V,7,10,5,5,2,6,11,5,4,11,9,4,4,11,3,10,anomalia,no_info,885
S,2,0,2,1,1,8,7,4,6,5,6,8,0,8,7,8,anomalia,no_info,886
M,5,6,8,4,5,9,6,2,4,9,5,7,8,6,2,8,anomalia,no_info,887
O,9,15,6,8,5,5,7,7,4,10,7,10,5,9,5,8,anomalia,no_info,888
L,3,7,3,5,1,0,1,6,6,0,0,6,0,8,0,8,anomalia,no_info,889
D,6,9,8,8,8,7,6,5,7,7,5,9,6,5,10,3,anomalia,no_info,890
P,2,1,3,2,1,4,10,3,5,10,8,5,0,9,3,7,anomalia,no_info,891
W,3,8,5,6,5,11,11,2,2,5,8,7,7,12,1,7,anomalia,no_info,892
O,4,3,5,4,2,7,6,8,8,6,5,7,3,8,4,8,anomalia,no_info,893
E,4,9,5,6,3,5,9,2,10,10,8,9,2,8,5,5,anomalia,no_info,894
J,2,11,3,8,2,15,4,4,5,13,1,8,0,7,0,8,anomalia,no_info,895
T,5,8,7,7,7,7,9,4,8,7,7,8,3,10,8,6,anomalia,no_info,896
D,2,2,3,3,2,7,7,7,6,6,6,4,2,8,3,7,anomalia,no_info,897
C,7,10,8,8,4,4,8,6,9,12,9,13,2,9,3,7,anomalia,no_info,898
T,6,9,6,7,5,6,11,3,7,11,9,5,2,12,2,4,anomalia,no_info,899
S,2,3,4,2,1,8,7,2,6,10,6,8,1,9,5,8,anomalia,no_info,900
A,4,9,6,6,2,9,5,3,1,8,1,8,2,7,2,8,anomalia,no_info,901
